

-- Connectionstring
/*    <add name="StrucnaPraksa" connectionString="Data Source=localhost\SQLEXPRESS;Initial Catalog=ePraksa02;Integrated Security=True;MultipleActiveResultSets=true" providerName="System.Data.SqlClient" />*/



CREATE DATABASE [ePraksa02]
 CONTAINMENT = NONE
 ON  PRIMARY 
( NAME = N'ePraksa02', FILENAME = N'C:\Program Files\Microsoft SQL Server\MSSQL14.SQLEXPRESS\MSSQL\DATA\ePraksa02.mdf' , SIZE = 8192KB , MAXSIZE = UNLIMITED, FILEGROWTH = 65536KB )
 LOG ON 
( NAME = N'ePraksa02_log', FILENAME = N'C:\Program Files\Microsoft SQL Server\MSSQL14.SQLEXPRESS\MSSQL\DATA\ePraksa02_log.ldf' , SIZE = 8192KB , MAXSIZE = 2048GB , FILEGROWTH = 65536KB )
GO

IF (1 = FULLTEXTSERVICEPROPERTY('IsFullTextInstalled'))
begin
EXEC [ePraksa02].[dbo].[sp_fulltext_database] @action = 'enable'
end
GO


USE [ePraksa02]
GO
/****** Object:  Table [dbo].[__MigrationHistory]    Script Date: 10.12.2019. 11:11:13 ******/
SET ANSI_NULLS ON
GO
SET QUOTED_IDENTIFIER ON
GO
CREATE TABLE [dbo].[__MigrationHistory](
	[MigrationId] [nvarchar](150) NOT NULL,
	[ContextKey] [nvarchar](300) NOT NULL,
	[Model] [varbinary](max) NOT NULL,
	[ProductVersion] [nvarchar](32) NOT NULL,
 CONSTRAINT [PK_dbo.__MigrationHistory] PRIMARY KEY CLUSTERED 
(
	[MigrationId] ASC,
	[ContextKey] ASC
)WITH (PAD_INDEX = OFF, STATISTICS_NORECOMPUTE = OFF, IGNORE_DUP_KEY = OFF, ALLOW_ROW_LOCKS = ON, ALLOW_PAGE_LOCKS = ON) ON [PRIMARY]
) ON [PRIMARY] TEXTIMAGE_ON [PRIMARY]
GO
/****** Object:  Table [dbo].[Appointments]    Script Date: 10.12.2019. 11:11:13 ******/
SET ANSI_NULLS ON
GO
SET QUOTED_IDENTIFIER ON
GO
CREATE TABLE [dbo].[Appointments](
	[Id] [int] IDENTITY(1,1) NOT NULL,
	[StartDateTime] [datetime] NOT NULL,
	[Detail] [nvarchar](max) NOT NULL,
	[Status] [bit] NOT NULL,
	[PatientId] [int] NOT NULL,
	[ProfesorId] [int] NOT NULL,
 CONSTRAINT [PK_dbo.Appointments] PRIMARY KEY CLUSTERED 
(
	[Id] ASC
)WITH (PAD_INDEX = OFF, STATISTICS_NORECOMPUTE = OFF, IGNORE_DUP_KEY = OFF, ALLOW_ROW_LOCKS = ON, ALLOW_PAGE_LOCKS = ON) ON [PRIMARY]
) ON [PRIMARY] TEXTIMAGE_ON [PRIMARY]
GO
/****** Object:  Table [dbo].[AspNetRoles]    Script Date: 10.12.2019. 11:11:13 ******/
SET ANSI_NULLS ON
GO
SET QUOTED_IDENTIFIER ON
GO
CREATE TABLE [dbo].[AspNetRoles](
	[Id] [nvarchar](128) NOT NULL,
	[Name] [nvarchar](256) NOT NULL,
 CONSTRAINT [PK_dbo.AspNetRoles] PRIMARY KEY CLUSTERED 
(
	[Id] ASC
)WITH (PAD_INDEX = OFF, STATISTICS_NORECOMPUTE = OFF, IGNORE_DUP_KEY = OFF, ALLOW_ROW_LOCKS = ON, ALLOW_PAGE_LOCKS = ON) ON [PRIMARY]
) ON [PRIMARY]
GO
/****** Object:  Table [dbo].[AspNetUserClaims]    Script Date: 10.12.2019. 11:11:13 ******/
SET ANSI_NULLS ON
GO
SET QUOTED_IDENTIFIER ON
GO
CREATE TABLE [dbo].[AspNetUserClaims](
	[Id] [int] IDENTITY(1,1) NOT NULL,
	[UserId] [nvarchar](128) NOT NULL,
	[ClaimType] [nvarchar](max) NULL,
	[ClaimValue] [nvarchar](max) NULL,
 CONSTRAINT [PK_dbo.AspNetUserClaims] PRIMARY KEY CLUSTERED 
(
	[Id] ASC
)WITH (PAD_INDEX = OFF, STATISTICS_NORECOMPUTE = OFF, IGNORE_DUP_KEY = OFF, ALLOW_ROW_LOCKS = ON, ALLOW_PAGE_LOCKS = ON) ON [PRIMARY]
) ON [PRIMARY] TEXTIMAGE_ON [PRIMARY]
GO
/****** Object:  Table [dbo].[AspNetUserLogins]    Script Date: 10.12.2019. 11:11:13 ******/
SET ANSI_NULLS ON
GO
SET QUOTED_IDENTIFIER ON
GO
CREATE TABLE [dbo].[AspNetUserLogins](
	[LoginProvider] [nvarchar](128) NOT NULL,
	[ProviderKey] [nvarchar](128) NOT NULL,
	[UserId] [nvarchar](128) NOT NULL,
 CONSTRAINT [PK_dbo.AspNetUserLogins] PRIMARY KEY CLUSTERED 
(
	[LoginProvider] ASC,
	[ProviderKey] ASC,
	[UserId] ASC
)WITH (PAD_INDEX = OFF, STATISTICS_NORECOMPUTE = OFF, IGNORE_DUP_KEY = OFF, ALLOW_ROW_LOCKS = ON, ALLOW_PAGE_LOCKS = ON) ON [PRIMARY]
) ON [PRIMARY]
GO
/****** Object:  Table [dbo].[AspNetUserRoles]    Script Date: 10.12.2019. 11:11:13 ******/
SET ANSI_NULLS ON
GO
SET QUOTED_IDENTIFIER ON
GO
CREATE TABLE [dbo].[AspNetUserRoles](
	[UserId] [nvarchar](128) NOT NULL,
	[RoleId] [nvarchar](128) NOT NULL,
 CONSTRAINT [PK_dbo.AspNetUserRoles] PRIMARY KEY CLUSTERED 
(
	[UserId] ASC,
	[RoleId] ASC
)WITH (PAD_INDEX = OFF, STATISTICS_NORECOMPUTE = OFF, IGNORE_DUP_KEY = OFF, ALLOW_ROW_LOCKS = ON, ALLOW_PAGE_LOCKS = ON) ON [PRIMARY]
) ON [PRIMARY]
GO
/****** Object:  Table [dbo].[AspNetUsers]    Script Date: 10.12.2019. 11:11:13 ******/
SET ANSI_NULLS ON
GO
SET QUOTED_IDENTIFIER ON
GO
CREATE TABLE [dbo].[AspNetUsers](
	[Id] [nvarchar](128) NOT NULL,
	[Name] [nvarchar](max) NULL,
	[IsActive] [bit] NULL,
	[Email] [nvarchar](256) NULL,
	[EmailConfirmed] [bit] NOT NULL,
	[PasswordHash] [nvarchar](max) NULL,
	[SecurityStamp] [nvarchar](max) NULL,
	[PhoneNumber] [nvarchar](max) NULL,
	[PhoneNumberConfirmed] [bit] NOT NULL,
	[TwoFactorEnabled] [bit] NOT NULL,
	[LockoutEndDateUtc] [datetime] NULL,
	[LockoutEnabled] [bit] NOT NULL,
	[AccessFailedCount] [int] NOT NULL,
	[UserName] [nvarchar](256) NOT NULL,
 CONSTRAINT [PK_dbo.AspNetUsers] PRIMARY KEY CLUSTERED 
(
	[Id] ASC
)WITH (PAD_INDEX = OFF, STATISTICS_NORECOMPUTE = OFF, IGNORE_DUP_KEY = OFF, ALLOW_ROW_LOCKS = ON, ALLOW_PAGE_LOCKS = ON) ON [PRIMARY]
) ON [PRIMARY] TEXTIMAGE_ON [PRIMARY]
GO
/****** Object:  Table [dbo].[Attendances]    Script Date: 10.12.2019. 11:11:13 ******/
SET ANSI_NULLS ON
GO
SET QUOTED_IDENTIFIER ON
GO
CREATE TABLE [dbo].[Attendances](
	[Id] [int] IDENTITY(1,1) NOT NULL,
	[PracticeRemarks] [nvarchar](max) NOT NULL,
	[Diagnosis] [nvarchar](255) NOT NULL,
	[SecondDiagnosis] [nvarchar](max) NULL,
	[ThirdDiagnosis] [nvarchar](max) NULL,
	[Therapy] [nvarchar](max) NOT NULL,
	[Date] [datetime] NOT NULL,
	[PatientId] [int] NOT NULL,
 CONSTRAINT [PK_dbo.Attendances] PRIMARY KEY CLUSTERED 
(
	[Id] ASC
)WITH (PAD_INDEX = OFF, STATISTICS_NORECOMPUTE = OFF, IGNORE_DUP_KEY = OFF, ALLOW_ROW_LOCKS = ON, ALLOW_PAGE_LOCKS = ON) ON [PRIMARY]
) ON [PRIMARY] TEXTIMAGE_ON [PRIMARY]
GO
/****** Object:  Table [dbo].[Cities]    Script Date: 10.12.2019. 11:11:13 ******/
SET ANSI_NULLS ON
GO
SET QUOTED_IDENTIFIER ON
GO
CREATE TABLE [dbo].[Cities](
	[Id] [tinyint] NOT NULL,
	[Name] [nvarchar](255) NOT NULL,
 CONSTRAINT [PK_dbo.Cities] PRIMARY KEY CLUSTERED 
(
	[Id] ASC
)WITH (PAD_INDEX = OFF, STATISTICS_NORECOMPUTE = OFF, IGNORE_DUP_KEY = OFF, ALLOW_ROW_LOCKS = ON, ALLOW_PAGE_LOCKS = ON) ON [PRIMARY]
) ON [PRIMARY]
GO
/****** Object:  Table [dbo].[DocumentTemplates]    Script Date: 10.12.2019. 11:11:13 ******/
SET ANSI_NULLS ON
GO
SET QUOTED_IDENTIFIER ON
GO
CREATE TABLE [dbo].[DocumentTemplates](
	[Id] [int] IDENTITY(1,1) NOT NULL,
	[Title] [varchar](100) NOT NULL,
	[Link] [varchar](100) NOT NULL,
	[Description] [varchar](500) NULL,
	[Note] [varchar](300) NULL,
	[Author] [varchar](100) NOT NULL,
	[CreationDate] [datetime] NOT NULL,
 CONSTRAINT [PK_DocumentTemplates] PRIMARY KEY CLUSTERED 
(
	[Id] ASC
)WITH (PAD_INDEX = OFF, STATISTICS_NORECOMPUTE = OFF, IGNORE_DUP_KEY = OFF, ALLOW_ROW_LOCKS = ON, ALLOW_PAGE_LOCKS = ON) ON [PRIMARY]
) ON [PRIMARY]
GO
/****** Object:  Table [dbo].[DocumentTypes]    Script Date: 10.12.2019. 11:11:13 ******/
SET ANSI_NULLS ON
GO
SET QUOTED_IDENTIFIER ON
GO
CREATE TABLE [dbo].[DocumentTypes](
	[Id] [int] IDENTITY(1,1) NOT NULL,
	[Name] [nvarchar](100) NOT NULL,
	[Description] [nvarchar](500) NULL,
 CONSTRAINT [PK_DocumentType] PRIMARY KEY CLUSTERED 
(
	[Id] ASC
)WITH (PAD_INDEX = OFF, STATISTICS_NORECOMPUTE = OFF, IGNORE_DUP_KEY = OFF, ALLOW_ROW_LOCKS = ON, ALLOW_PAGE_LOCKS = ON) ON [PRIMARY]
) ON [PRIMARY]
GO
/****** Object:  Table [dbo].[Faculties]    Script Date: 10.12.2019. 11:11:13 ******/
SET ANSI_NULLS ON
GO
SET QUOTED_IDENTIFIER ON
GO
CREATE TABLE [dbo].[Faculties](
	[Id] [int] IDENTITY(1,1) NOT NULL,
	[Name] [nvarchar](100) NOT NULL,
	[FacultyAddress] [nvarchar](100) NOT NULL,
	[FacultyTypeID] [int] NOT NULL,
	[FacultySectorID] [int] NOT NULL,
	[Programi] [nvarchar](300) NOT NULL,
	[Description] [nvarchar](500) NOT NULL,
	[Activity] [bit] NOT NULL,
 CONSTRAINT [PK_Faculties] PRIMARY KEY CLUSTERED 
(
	[Id] ASC
)WITH (PAD_INDEX = OFF, STATISTICS_NORECOMPUTE = OFF, IGNORE_DUP_KEY = OFF, ALLOW_ROW_LOCKS = ON, ALLOW_PAGE_LOCKS = ON) ON [PRIMARY]
) ON [PRIMARY]
GO
/****** Object:  Table [dbo].[Faculty2]    Script Date: 10.12.2019. 11:11:13 ******/
SET ANSI_NULLS ON
GO
SET QUOTED_IDENTIFIER ON
GO
CREATE TABLE [dbo].[Faculty2](
	[FacultyID] [int] IDENTITY(1,1) NOT NULL,
	[Name] [varchar](100) NOT NULL,
	[FacultyAddress] [varchar](100) NOT NULL,
	[FacultyTypeID] [int] NOT NULL,
	[FacultySectorID] [int] NOT NULL,
	[Programi] [varchar](300) NOT NULL,
	[Description] [varchar](500) NOT NULL,
	[Activity] [bit] NOT NULL,
 CONSTRAINT [PK_2Faculties] PRIMARY KEY CLUSTERED 
(
	[FacultyID] ASC
)WITH (PAD_INDEX = OFF, STATISTICS_NORECOMPUTE = OFF, IGNORE_DUP_KEY = OFF, ALLOW_ROW_LOCKS = ON, ALLOW_PAGE_LOCKS = ON) ON [PRIMARY]
) ON [PRIMARY]
GO
/****** Object:  Table [dbo].[FacultySectors]    Script Date: 10.12.2019. 11:11:13 ******/
SET ANSI_NULLS ON
GO
SET QUOTED_IDENTIFIER ON
GO
CREATE TABLE [dbo].[FacultySectors](
	[Id] [int] IDENTITY(1,1) NOT NULL,
	[Name] [nvarchar](50) NULL,
	[Description] [nvarchar](500) NULL,
 CONSTRAINT [PK_FacultySectors] PRIMARY KEY CLUSTERED 
(
	[Id] ASC
)WITH (PAD_INDEX = OFF, STATISTICS_NORECOMPUTE = OFF, IGNORE_DUP_KEY = OFF, ALLOW_ROW_LOCKS = ON, ALLOW_PAGE_LOCKS = ON) ON [PRIMARY]
) ON [PRIMARY]
GO
/****** Object:  Table [dbo].[FacultyTypes]    Script Date: 10.12.2019. 11:11:13 ******/
SET ANSI_NULLS ON
GO
SET QUOTED_IDENTIFIER ON
GO
CREATE TABLE [dbo].[FacultyTypes](
	[Id] [int] IDENTITY(1,1) NOT NULL,
	[Name] [nvarchar](100) NOT NULL,
	[Description] [nvarchar](500) NULL,
 CONSTRAINT [PK_FacultyType] PRIMARY KEY CLUSTERED 
(
	[Id] ASC
)WITH (PAD_INDEX = OFF, STATISTICS_NORECOMPUTE = OFF, IGNORE_DUP_KEY = OFF, ALLOW_ROW_LOCKS = ON, ALLOW_PAGE_LOCKS = ON) ON [PRIMARY]
) ON [PRIMARY]
GO
/****** Object:  Table [dbo].[Patients]    Script Date: 10.12.2019. 11:11:13 ******/
SET ANSI_NULLS ON
GO
SET QUOTED_IDENTIFIER ON
GO
CREATE TABLE [dbo].[Patients](
	[Id] [int] IDENTITY(1,1) NOT NULL,
	[Token] [nvarchar](max) NOT NULL,
	[Name] [nvarchar](255) NOT NULL,
	[Sex] [int] NOT NULL,
	[BirthDate] [datetime] NOT NULL,
	[Phone] [nvarchar](255) NOT NULL,
	[Address] [nvarchar](255) NOT NULL,
	[CityId] [tinyint] NOT NULL,
	[DateTime] [datetime] NOT NULL,
	[Height] [nvarchar](max) NULL,
	[Weight] [nvarchar](max) NULL,
 CONSTRAINT [PK_dbo.Patients] PRIMARY KEY CLUSTERED 
(
	[Id] ASC
)WITH (PAD_INDEX = OFF, STATISTICS_NORECOMPUTE = OFF, IGNORE_DUP_KEY = OFF, ALLOW_ROW_LOCKS = ON, ALLOW_PAGE_LOCKS = ON) ON [PRIMARY]
) ON [PRIMARY] TEXTIMAGE_ON [PRIMARY]
GO
/****** Object:  Table [dbo].[People]    Script Date: 10.12.2019. 11:11:13 ******/
SET ANSI_NULLS ON
GO
SET QUOTED_IDENTIFIER ON
GO
CREATE TABLE [dbo].[People](
	[Id] [int] IDENTITY(1,1) NOT NULL,
	[Name] [varchar](100) NOT NULL,
	[FacultyId] [int] NULL,
	[Phone] [varchar](100) NULL,
	[Address] [varchar](100) NULL,
 CONSTRAINT [PK_Students] PRIMARY KEY CLUSTERED 
(
	[Id] ASC
)WITH (PAD_INDEX = OFF, STATISTICS_NORECOMPUTE = OFF, IGNORE_DUP_KEY = OFF, ALLOW_ROW_LOCKS = ON, ALLOW_PAGE_LOCKS = ON) ON [PRIMARY]
) ON [PRIMARY]
GO
/****** Object:  Table [dbo].[Profesors]    Script Date: 10.12.2019. 11:11:13 ******/
SET ANSI_NULLS ON
GO
SET QUOTED_IDENTIFIER ON
GO
CREATE TABLE [dbo].[Profesors](
	[Id] [int] IDENTITY(1,1) NOT NULL,
	[Name] [nvarchar](255) NOT NULL,
	[Phone] [nvarchar](max) NOT NULL,
	[IsAvailable] [bit] NOT NULL,
	[Address] [nvarchar](max) NULL,
	[SpecializationId] [int] NOT NULL,
	[PhysicianId] [nvarchar](128) NOT NULL,
 CONSTRAINT [PK_dbo.Doctors] PRIMARY KEY CLUSTERED 
(
	[Id] ASC
)WITH (PAD_INDEX = OFF, STATISTICS_NORECOMPUTE = OFF, IGNORE_DUP_KEY = OFF, ALLOW_ROW_LOCKS = ON, ALLOW_PAGE_LOCKS = ON) ON [PRIMARY]
) ON [PRIMARY] TEXTIMAGE_ON [PRIMARY]
GO
/****** Object:  Table [dbo].[Specializations]    Script Date: 10.12.2019. 11:11:13 ******/
SET ANSI_NULLS ON
GO
SET QUOTED_IDENTIFIER ON
GO
CREATE TABLE [dbo].[Specializations](
	[Id] [int] IDENTITY(1,1) NOT NULL,
	[Name] [nvarchar](255) NOT NULL,
 CONSTRAINT [PK_dbo.Specializations] PRIMARY KEY CLUSTERED 
(
	[Id] ASC
)WITH (PAD_INDEX = OFF, STATISTICS_NORECOMPUTE = OFF, IGNORE_DUP_KEY = OFF, ALLOW_ROW_LOCKS = ON, ALLOW_PAGE_LOCKS = ON) ON [PRIMARY]
) ON [PRIMARY]
GO
INSERT [dbo].[__MigrationHistory] ([MigrationId], [ContextKey], [Model], [ProductVersion]) VALUES (N'201909111325257_InitialCreate', N'ClinicManagement.Persistence.ApplicationDbContext', 0x1F8B0800000000000400ED5D5B6FDCBA117E2FD0FF20EC535BE4787D698234B0CF81E3C43D4663C7C83A277D3364895E0BD1658FA4CDB15BF497F5A13FA97FA1A4244ABC8B94A8CBBA4180C02B92C3E1F0E3889CA166FEFBEFFF1CFFF41885CE37906641129F2C0EF6F6170E88BDC40FE2F5C9629BDFFFF07AF1D38FBFFFDDF17B3F7A747EC1F58E503DD832CE4E160F79BE79B35C66DE0388DC6C2F0ABC34C992FB7CCF4BA2A5EB27CBC3FDFDBF2C0F0E96009258405A8E73FC691BE741048A1FF0E759127B60936FDDF032F1419855CF61C9AAA0EA5CB911C836AE074E1667611007DEA51BBB6B108138DFBB464C6539E41A2C9CD33070214F2B10DE2F1C378E93DCCD21C76F3E676095A749BC5E6DE00337BC79DA0058EFDE0D33508DE44D535D7750FB876850CBA62126E56DB33C890C091E1C55525AB2CD3BC97A514B11CAF13D9477FE84465DC8F26471BAD924419C23092E1CB6BF3767618AEA0AA47D96A460AF9CA53D82C60B87ADF9A2460B0415FA07AB6CC37C9B8293186CF3D40D5F38D7DBBB30F0FE069E6E92AF203E89B76148720DF98665D403F8E83A4D3620CD9F3E81FB6A2C17FEC259D2ED966CC3BA19D1A61CE2459C1F1D2E9C2BD8B97B17821A14843856391CF55F410C523707FEB59BE7208D110D508895EB9DE96B95BB69FE0E36BD8198C7DD36BFB99ED5D4DE81DC0D424C06A21A2ED58573E93E7E00F13A7F3859C03F17CE79F0087CFCA4A2FB194E109CB993459E6ECDFB85A3C8B719EEF76D9284C08D8DA940E105506AEDE26F1142E2C13931A672E57E0BD6C59C0AE92D9C4F202C8AB3876053AA91BDB2E896003B14C2799A449F92B06E4915DFDEB8E91AC0757593C8EBAC926DEA197058094EC8625526E55154CE3129AC24E2F278D96813A58EC142EDA85ECAE6DF358BA22FF4BF42131CBE7C398426B87E486255B70329A08BECF41BD47CA8455F2D74EAFB29C8320B6368D1991BE0C1DD46F08F62B6FB2ABDEB87A72C80F4084202CE0F0E5F5B91BE5413D15AC68EC6C47A46A531B1C2D2D698585C2A26894A1C8775998CBDA682296F3430540CB235392EE90A3256995A227EB5F53A9C15A85C0B42705FDD5DC133747658D30FB80CCD34BE1DB50535AD9707DF7835AB6EF63E526F4C0F5FBEB2C05CD10B3C31DE076904FCFEFBD12CFB2D49FD9FDDEC61F8D701F0B6295C4B702B1D6D06EFAD784D5F6DA33BB444C7EBCBDAD4DCFC969CBB4879BD8F51ABDEF43E24DED7649BBF8F7D74F6FA9C7BFC514C938015764E3D0F6E41CE2198817F966CD1D6BECFE60069D0D6EDA0DEFAEBBC33380BDD2012EF09185D7F8BAB36AF33710DEE7D26A966FA02FE90AC83588F555C55CE6A59A395D5AA9A29AB88981EA7554D39A34585563ECB5ABDB608F80083E81533A4DA245CD666ACD36C7305F23DDC7AAFA47B9E429A50497FDDE3C8BE70B41B379B8943DDCDC4D1C1DDFDD1EB97AF5CFFE8D59FC1D1CBE7788444A29C6223534C1FEA74F07753D1D32F6EB8B5DD55A7D5502801FBABA1203BFFD550B0091F7F0B7CB42B59B6B7C0952179ADFA18CFA66B8EE16CECE5400D73ECCEC7D1019D960B7A17D95F2D88EAFC178B18CAC2AA68405D503F95F6C7FCCE0471AC91A5A3418326B3C3F68CE761B9D69EFEDAB7D271DEABF6DF275C759A47A31BDF69308D8764051EEB4ED1410D8AADD8551892791BA4F903B24EF4761AB7B96C069243BB9F65A08ECF20221B74BF7DCA3BF8D96D39EC7F06C1FA211FFC98F365A06EBAFB813AB9A559E384D277ADCD2A5456B1EFC69ECC905297DFD6EF02C28AC29572CE73411553073F846C20610F93C4557811962552E155C5FDBC3EF510BB3B7C6A12DF5F954A830512CD2710B9E9571B3E6A53C517B8EB38C98209D4F60A7849ECEB30604767DE3C04E9A8DD41446C5407FCA1A6D4CA1EA2E3D5AD4E579A8C353267D4962BED4EEAEFAC58B81D151F6ABCC32AAFD3FE6956273CAC7AED9B9376C394F44CAE370CEEC144F630F11E8C9CEFDBAA5AA390F8524E2109AA9829A46D44001A9F282FB2F3D05D3757D93B2AA8929C3D15052704D20B9FE00492EF0A7A162E01BA2F500DE8D2452BB370D34074713346D53D875B23A2F6212FC15256E4C3D32C4BBCA09009753D953E9DD09DBE8F7D47E3CE5A73CEC7375E2FA18C02E45485138946C32ED08FF13B10821C38E89E0DFA3CE0CCCD3CD7E7810A87E29BF0549F4B1A9EA89BFE34637FE2FA831A03A408A72EBA6293C109864D79F512C45EB071C376E1304D3575131A78DD095BF20E6C1058E3BC5D0C3ABD3737C9791EEAAE98496993D2F192409B1A84927B11B2396FBB24414D3B7D496F144CB6DCCE20F813DC1018049C6A898D804FB548741890FA81A60068751B461700ECD598B90194B993230168E5B41F05A0B4C42600282D929D036879094A77FE991B517383277D154B82CEF250330A3829714D804D4A1EB38726F78D41CB564EF0C141DBDE929F670555F1EE703498F7D95C7283186F67C9CD8A4ED7D4B73A53828FB9DAD08215D9C724166028F9028520CDDEC2982914C503190F8FE239D2E99FFF1C6D12640AFD8232F4A89D840D786A2B318B1A3930D59FC58E7982560D720460A904A1A5EC1ACFC0345B40DE5920DD60293C07C48C13BE4E7D45A7F2136B00756AF526677F8C8D9E745E7601808C83BE4DE1B0DEFA5670A85027F1F113444BD7D5DCE026E67B446D47CF824EC7F856D124181338206490507923F823A4E8F838D0F156E10319FF6C2B97D20820944B42A773F175EF4180587AA3609B1CB6A83D30C4B1F1DD1D2A048FA2EBB3706095FF29AB5C732C3210F115C88557CA1A47986823C629449A54B9591651C127981602958F4FC4047D626EA1C319BA454405D67003B2F80B4525D9CA866940B6FA9C5049B55C9F2D44E9738788247BF46B2158A97011A5FA0DDA4282BA12C84F32B1016C21842FE57134CE4457BDD8D66D3216CA9758AA2CE099CB96444D45700E568BE8F93DEBA1108B8D53487AEE4A8214CD3FFB6EA147AE2115D977C7BC60743C714A5B2DE38B23C654A91285705AFC66042D913AB12E25AC50DAA5247207E9385CAC488971DE48A48407635D4AD5DA6D1792C02561E094E82522DA812091503590DE02E263EA48F58FC426AE6715EFA679783B789B64BB8B807D9F49E5A032CF1A1868BB494462922588716FEEDE02127F14C0CBA7DD48A86F262406D4EC1C14E2511A06077C5709EEBC0A944B8BB14BD7DC458E83DC0BA9948BDCC0A521E21E60C17B2C394C4496171DDB4B576830D616820CE6B5F7E045370E7901B49905740D03C40884AF03DD73BCA5570CBE06591F3CEBB2E3651914B87A70BC94440F3EBE74379B205E13D184AB27CEAA0A25FCC3CA3CB26E54D2587A949CD96372DD1354B3EE1A30A5B06BC8E9799066282CAC7BE7A29B9B677EC455131EB325070ADCA5E024CD4F243E6DE046E86FF2E313717C65EA00CEDB292A62E770C4A84631782056977C6B07057B76433715DC423E4BC26D14CBED2EF2D64CE85D921053A44F1307E02589E167469C15E17419968A67FA5408C3374948610F578CABBE09498D4C7A3F12AD3D66CA3973148734CE5648A3570BDB7887630DD69545C81CD1B286C380B9BC1C4FB62F9F18C0A5FC0C98824AF9489F061586951A0C59A04FAFFE4698A4553F3458509C739B5A5AADAE6F95D488BB1CB4EC14973C265B1EB24D40779D4FD93B3BE97D3585B92E97260E2683F3EAA93EA52A342649A67A64488388AEC81123CA4CDE2064004CFA254296182C443ACA25B50AE92243C585635972EA0B1774A22791A8B8867E0F7CF44A923A5FAA4F5910C792242D28EE405BC0335B66A0E2F9509794B2E78BF56937712F4992CDD3D9A86581E1D69A8EE6DD47E65A5A83C6307A1A5FD165E7CF8C0A114F9024443C36A455450CE48855CF67892BA935DE02AE4AFF613F5C4968C8B51115938F5646CA4082729A54A03D4AE1AB020DCAE999A17706189139232C40A47056F6438898C4B0AA03DFA620A9C86E584C3685AC25DEDA04AA3D101AD3D74660EADDFD4413569B93ADCD94C4DCAF3145D296C3CC4D15EB8DDAF0968FC63CBD1541D8E8D3C7A3497B22FA1A4985783CAEE1C596A104DF62A47636929B8D722A62A36A177B2A8E8F46D2C1CFF4A97C1150F922A532914E201D6DF60C34CD5DA50EB61945E361940313DD8ADE5F534506606C423851686C1E1B992FE818548C01832E34508A4CAC294A3B32652654AB905234B9EAA1D972E697F2D0AE888996A1D459DC71051637FDCCD79EB8D9FFE97669A06349CF2389D971E4594C11E77967ABD4BD574FEADFB5E7BDF27A6B24F365DDE0659585830FE350E33EC1198DF65085BDD5AF219C74B491AD2BC0E90FEE419697B1871687FB07874C16E0F964E45D66994F456F53A7E5A5A76C84305F01126C6BEC4AF3B4B17CF25B1FFECEFB27BF8DBFB9A9F7E0A67F88DCC73FF64C687B17E4FD232206C220E217B10F1E4F16FF2C5ABD712EFE7E5B377CE17C4C218ADF38FBCEBF7A27C1D5ED1DB733E8DC34E7EBF3C06EA97F69ACF1410CFB84E2EE87604146D42E3066A2744B79EA93F154179B6CFB5E0B449030B599469D65DAB4A7F9600321DA593B4A3FF9188B4888F1F601EA2D9C4E7062335132F0D6CE17D9B28A5F7522CA653AECF60EE11350F65B81A22493BD280A1249DAA2674584B244915D684993448AB62C3A8315278DECA4A66509230BDDDA335DA4BE5EC42D8BC72F9C8BEC731CFCBA850537501A8C72645696ADA45002F7F4CEEE31E80C4C46AFA7B2698F3713CF0D9795AFD742E733EF1990EB915DAF0332762C319DB537F5359F77CE1AED29A1DD3DD95C07F08C9EA86D6A3541A76F33E2A66C3AC6CC2A239FEDEAEBC2C291D4382DDAF3901C9580ACDFB97B10BB009133ACCB868ECB15D6D9C6263450F41E9EC4C8D09B2E9DE92B0FE2275D5343D9B29F05CE965D93CE11D66BD3F5A52BA92E99A09E876A10265CEAA722B8A44216F5843047522FCC88F320F52449E53AEA294D2B7A6D4C6BBD595EA1D19751AD2767BCFD90FB6077DE16DA0E3B34E8E1AD2C3692A24C9700850A0746066F1A29E3C94801D0155F5CF3DDED743A931904E017046293443E1B3169C9980109559F1019583EE69F9A646660ABC2F349C036620292B1C126FBAE68E660334A333233AC95410525501B2F9BC8D84893DC059C19D0B49386CC0F63DA1BC2DDC593C1CE6FD75280B031EB88591C3133C774686AFD106E4A30ED70EA8EBE693AA63BE6C93FB89BFC9C3775C60383941B463018C65040447326016490E563F6F8517D04363FF86826CC284368135336782A8B4EB0B50417C96744D6B16202CB5D4C7931972C17531EB55ABE7F9AC7396BF234167C184E764EABCFA41A2340B3E5684CEAA20D49F925D3C9C2BF4BE0FC97967965BC60B62FBCD7E5BAC105A21E24C19F4503A1CF87A2C1D0358403CA36572017C7CE66BB14D84EB94E0575D4DD4A22E0ABFAAE4C69CABEAB3AEABE2571E5557D970B5ED9755945DDB338982EDB317B68E3BA652B883A6D0B00CE765ABF21B9DEEA125137D298D11C70893D1B8F59A2502841799C6B515A8F2769520F117149DC67191C5AA0D006033104C64E0C22083C2FD0E692A31CD1F45491D867CE393FD841A8120349B7089432948462B32F94E1527C58110AA5A52571C4EC0B65A88C1E5644426A0C71DCACFE02B19CC1C39618B4B5CD9C327688DFBFA29059530D7DD85C1CA2E40A73783BD8CFB2D179C0DC66868DC9636F8E2DA4D020B7444D0013D5000D0433BF0419425D2BD2B3A3686C8384187CF80D7870DEC6E8D264F9EB1DC8827543E218D28C81471D99EB3A17F17D824FEE0C47B80A73E1ED12E4AE0FCFD3A7691EDCBB5E0E8BD1878B41BC5E38C5C760E8F3D93BE05FC41FB7F9669BC32183E82EA490842C00AAFE8BAC1F34CFC71F37C511C5C610209B01BA67FA317EBB0D42BFE6FB5C70B54E42029916AA2BCA682E73745579FD5453BAE282BFC90855E2AB2D223720DA849058F6315EB9E8CB6873DE20FC3E80B5EB3D359F95C988B44F042DF663748B3875A3ACA2D1B4873F2186FDE8F1C7FF01FEABA68478BE0000, N'6.1.3-40302')
GO
SET IDENTITY_INSERT [dbo].[Appointments] ON 
GO
INSERT [dbo].[Appointments] ([Id], [StartDateTime], [Detail], [Status], [PatientId], [ProfesorId]) VALUES (1, CAST(N'2019-10-16T14:10:00.000' AS DateTime), N'Treba završiti praksu do 1.5.2020', 1, 1, 1)
GO
INSERT [dbo].[Appointments] ([Id], [StartDateTime], [Detail], [Status], [PatientId], [ProfesorId]) VALUES (3, CAST(N'2019-12-09T02:05:00.000' AS DateTime), N'test podsjetnik', 0, 1, 1)
GO
INSERT [dbo].[Appointments] ([Id], [StartDateTime], [Detail], [Status], [PatientId], [ProfesorId]) VALUES (4, CAST(N'2019-12-09T14:05:00.000' AS DateTime), N'test', 0, 1, 1)
GO
INSERT [dbo].[Appointments] ([Id], [StartDateTime], [Detail], [Status], [PatientId], [ProfesorId]) VALUES (5, CAST(N'2019-12-18T02:00:00.000' AS DateTime), N'test podsjetnik za profesor2 9.12.2019', 0, 1, 2)
GO
SET IDENTITY_INSERT [dbo].[Appointments] OFF
GO
INSERT [dbo].[AspNetRoles] ([Id], [Name]) VALUES (N'9598f49d-0da7-510c-b810-1d42d3fe1229', N'AdminFaks')
GO
INSERT [dbo].[AspNetRoles] ([Id], [Name]) VALUES (N'9598f49d-0da7-410c-b810-1d67d3fe1229', N'AdminFirma')
GO
INSERT [dbo].[AspNetRoles] ([Id], [Name]) VALUES (N'a5172376-0878-43d4-acac-a199c47f2189', N'Administrator')
GO
INSERT [dbo].[AspNetRoles] ([Id], [Name]) VALUES (N'9598f49d-0da7-410c-b810-1d42d3fe1223', N'Mentor')
GO
INSERT [dbo].[AspNetRoles] ([Id], [Name]) VALUES (N'9598f49d-0da7-410c-b810-1d42d3fe1226', N'Profesor')
GO
INSERT [dbo].[AspNetRoles] ([Id], [Name]) VALUES (N'9598f49d-0da7-410c-b810-1d42d3fe1229', N'Student')
GO
SET IDENTITY_INSERT [dbo].[AspNetUserClaims] ON 
GO
INSERT [dbo].[AspNetUserClaims] ([Id], [UserId], [ClaimType], [ClaimValue]) VALUES (1, N'6bd44041-6049-4002-ba83-1beee9cbc77a', N'http://schemas.xmlsoap.org/ws/2005/05/identity/claims/givenname', N'Profesor 2')
GO
INSERT [dbo].[AspNetUserClaims] ([Id], [UserId], [ClaimType], [ClaimValue]) VALUES (2, N'90d1cc0c-5ac9-4ef5-bd94-719ce364e686', N'http://schemas.xmlsoap.org/ws/2005/05/identity/claims/givenname', N'Profesor2')
GO
INSERT [dbo].[AspNetUserClaims] ([Id], [UserId], [ClaimType], [ClaimValue]) VALUES (3, N'93d0835f-2f4e-4a42-a410-6576d62e3558', N'http://schemas.xmlsoap.org/ws/2005/05/identity/claims/givenname', N'Student2')
GO
INSERT [dbo].[AspNetUserClaims] ([Id], [UserId], [ClaimType], [ClaimValue]) VALUES (4, N'46dead39-6514-44dc-847a-7d1ee78b3bc2', N'http://schemas.xmlsoap.org/ws/2005/05/identity/claims/givenname', N'Student123')
GO
INSERT [dbo].[AspNetUserClaims] ([Id], [UserId], [ClaimType], [ClaimValue]) VALUES (5, N'5eae01ad-6170-4527-ba62-94d2f96332da', N'http://schemas.xmlsoap.org/ws/2005/05/identity/claims/givenname', N'Student5')
GO
INSERT [dbo].[AspNetUserClaims] ([Id], [UserId], [ClaimType], [ClaimValue]) VALUES (6, N'339732ff-e867-4fe0-bf51-f05c04d9c65e', N'http://schemas.xmlsoap.org/ws/2005/05/identity/claims/givenname', N'Student6')
GO
INSERT [dbo].[AspNetUserClaims] ([Id], [UserId], [ClaimType], [ClaimValue]) VALUES (7, N'4cea7f54-4c1e-43ad-8415-ab02abcd7c54', N'http://schemas.xmlsoap.org/ws/2005/05/identity/claims/givenname', N'Student7')
GO
INSERT [dbo].[AspNetUserClaims] ([Id], [UserId], [ClaimType], [ClaimValue]) VALUES (8, N'd0060d1a-3def-47ad-b6a8-6629e2c45d49', N'http://schemas.xmlsoap.org/ws/2005/05/identity/claims/givenname', N'test01 Student')
GO
INSERT [dbo].[AspNetUserClaims] ([Id], [UserId], [ClaimType], [ClaimValue]) VALUES (9, N'f89f27f1-b022-4f93-995d-75ed0d7738f1', N'http://schemas.xmlsoap.org/ws/2005/05/identity/claims/givenname', N'Student8')
GO
INSERT [dbo].[AspNetUserClaims] ([Id], [UserId], [ClaimType], [ClaimValue]) VALUES (10, N'e4b0a27f-b987-4f17-bd98-72c7872711cb', N'http://schemas.xmlsoap.org/ws/2005/05/identity/claims/givenname', N'Profesor test 3')
GO
INSERT [dbo].[AspNetUserClaims] ([Id], [UserId], [ClaimType], [ClaimValue]) VALUES (11, N'fbc7afaa-f446-4e36-92dd-6e4b608286a5', N'http://schemas.xmlsoap.org/ws/2005/05/identity/claims/givenname', N'Profesor10')
GO
INSERT [dbo].[AspNetUserClaims] ([Id], [UserId], [ClaimType], [ClaimValue]) VALUES (12, N'41c0a59b-7d0d-4751-85c1-4c69ea7ddd02', N'http://schemas.xmlsoap.org/ws/2005/05/identity/claims/givenname', N'Osoba21')
GO
INSERT [dbo].[AspNetUserClaims] ([Id], [UserId], [ClaimType], [ClaimValue]) VALUES (13, N'0d3675dc-4152-4497-9092-fdd5c5627c60', N'http://schemas.xmlsoap.org/ws/2005/05/identity/claims/givenname', N'Profesor21')
GO
INSERT [dbo].[AspNetUserClaims] ([Id], [UserId], [ClaimType], [ClaimValue]) VALUES (14, N'bd33ba6d-e4ae-41e3-b54d-e88ea776be0d', N'http://schemas.xmlsoap.org/ws/2005/05/identity/claims/givenname', N'Osoba32')
GO
INSERT [dbo].[AspNetUserClaims] ([Id], [UserId], [ClaimType], [ClaimValue]) VALUES (15, N'86ac7bba-d67a-485d-942d-bfd184d8b0fc', N'http://schemas.xmlsoap.org/ws/2005/05/identity/claims/givenname', N'Student')
GO
INSERT [dbo].[AspNetUserClaims] ([Id], [UserId], [ClaimType], [ClaimValue]) VALUES (16, N'1799a0b6-cdc9-48d0-9297-99187cb4641b', N'http://schemas.xmlsoap.org/ws/2005/05/identity/claims/givenname', N'Firma')
GO
INSERT [dbo].[AspNetUserClaims] ([Id], [UserId], [ClaimType], [ClaimValue]) VALUES (17, N'a48262b3-b223-43a2-b016-96f74318b723', N'http://schemas.xmlsoap.org/ws/2005/05/identity/claims/givenname', N'prof. Hrvoje Horvat')
GO
INSERT [dbo].[AspNetUserClaims] ([Id], [UserId], [ClaimType], [ClaimValue]) VALUES (18, N'42de8fb9-f6a1-4b4f-8ce8-e4f71624b89d', N'http://schemas.xmlsoap.org/ws/2005/05/identity/claims/givenname', N'Hrvoje Horvat 2')
GO
SET IDENTITY_INSERT [dbo].[AspNetUserClaims] OFF
GO
INSERT [dbo].[AspNetUserRoles] ([UserId], [RoleId]) VALUES (N'0d3675dc-4152-4497-9092-fdd5c5627c60', N'9598f49d-0da7-410c-b810-1d42d3fe1226')
GO
INSERT [dbo].[AspNetUserRoles] ([UserId], [RoleId]) VALUES (N'1799a0b6-cdc9-48d0-9297-99187cb4641b', N'a5172376-0878-43d4-acac-a199c47f2189')
GO
INSERT [dbo].[AspNetUserRoles] ([UserId], [RoleId]) VALUES (N'3265a369-7e5f-42e6-8de7-e0d71bd5743c', N'9598f49d-0da7-410c-b810-1d42d3fe1226')
GO
INSERT [dbo].[AspNetUserRoles] ([UserId], [RoleId]) VALUES (N'339732ff-e867-4fe0-bf51-f05c04d9c65e', N'9598f49d-0da7-410c-b810-1d42d3fe1229')
GO
INSERT [dbo].[AspNetUserRoles] ([UserId], [RoleId]) VALUES (N'41c0a59b-7d0d-4751-85c1-4c69ea7ddd02', N'9598f49d-0da7-410c-b810-1d42d3fe1229')
GO
INSERT [dbo].[AspNetUserRoles] ([UserId], [RoleId]) VALUES (N'42de8fb9-f6a1-4b4f-8ce8-e4f71624b89d', N'9598f49d-0da7-410c-b810-1d42d3fe1226')
GO
INSERT [dbo].[AspNetUserRoles] ([UserId], [RoleId]) VALUES (N'46dead39-6514-44dc-847a-7d1ee78b3bc2', N'9598f49d-0da7-410c-b810-1d42d3fe1229')
GO
INSERT [dbo].[AspNetUserRoles] ([UserId], [RoleId]) VALUES (N'4cea7f54-4c1e-43ad-8415-ab02abcd7c54', N'9598f49d-0da7-410c-b810-1d42d3fe1229')
GO
INSERT [dbo].[AspNetUserRoles] ([UserId], [RoleId]) VALUES (N'54ac6e79-f0b4-4d30-a17a-cbad17dd47e9', N'9598f49d-0da7-410c-b810-1d42d3fe1229')
GO
INSERT [dbo].[AspNetUserRoles] ([UserId], [RoleId]) VALUES (N'5eae01ad-6170-4527-ba62-94d2f96332da', N'9598f49d-0da7-410c-b810-1d42d3fe1229')
GO
INSERT [dbo].[AspNetUserRoles] ([UserId], [RoleId]) VALUES (N'6bd44041-6049-4002-ba83-1beee9cbc77a', N'9598f49d-0da7-410c-b810-1d42d3fe1226')
GO
INSERT [dbo].[AspNetUserRoles] ([UserId], [RoleId]) VALUES (N'86ac7bba-d67a-485d-942d-bfd184d8b0fc', N'a5172376-0878-43d4-acac-a199c47f2189')
GO
INSERT [dbo].[AspNetUserRoles] ([UserId], [RoleId]) VALUES (N'8e4fdb11-aae8-4a52-8ef8-bc14825c8951', N'9598f49d-0da7-410c-b810-1d42d3fe1226')
GO
INSERT [dbo].[AspNetUserRoles] ([UserId], [RoleId]) VALUES (N'90d1cc0c-5ac9-4ef5-bd94-719ce364e686', N'9598f49d-0da7-410c-b810-1d42d3fe1226')
GO
INSERT [dbo].[AspNetUserRoles] ([UserId], [RoleId]) VALUES (N'93d0835f-2f4e-4a42-a410-6576d62e3558', N'9598f49d-0da7-410c-b810-1d42d3fe1229')
GO
INSERT [dbo].[AspNetUserRoles] ([UserId], [RoleId]) VALUES (N'a48262b3-b223-43a2-b016-96f74318b723', N'9598f49d-0da7-410c-b810-1d42d3fe1226')
GO
INSERT [dbo].[AspNetUserRoles] ([UserId], [RoleId]) VALUES (N'bd33ba6d-e4ae-41e3-b54d-e88ea776be0d', N'9598f49d-0da7-410c-b810-1d42d3fe1229')
GO
INSERT [dbo].[AspNetUserRoles] ([UserId], [RoleId]) VALUES (N'c9c12e28-3c37-4a9d-93c6-c1cb7acebd06', N'9598f49d-0da7-410c-b810-1d42d3fe1226')
GO
INSERT [dbo].[AspNetUserRoles] ([UserId], [RoleId]) VALUES (N'd0060d1a-3def-47ad-b6a8-6629e2c45d49', N'9598f49d-0da7-410c-b810-1d42d3fe1229')
GO
INSERT [dbo].[AspNetUserRoles] ([UserId], [RoleId]) VALUES (N'd3d9a7c9-106f-443f-91bf-0fb74c009ed4', N'a5172376-0878-43d4-acac-a199c47f2189')
GO
INSERT [dbo].[AspNetUserRoles] ([UserId], [RoleId]) VALUES (N'e4b0a27f-b987-4f17-bd98-72c7872711cb', N'9598f49d-0da7-410c-b810-1d42d3fe1226')
GO
INSERT [dbo].[AspNetUserRoles] ([UserId], [RoleId]) VALUES (N'f89f27f1-b022-4f93-995d-75ed0d7738f1', N'9598f49d-0da7-410c-b810-1d42d3fe1229')
GO
INSERT [dbo].[AspNetUserRoles] ([UserId], [RoleId]) VALUES (N'fbc7afaa-f446-4e36-92dd-6e4b608286a5', N'9598f49d-0da7-410c-b810-1d42d3fe1226')
GO
INSERT [dbo].[AspNetUsers] ([Id], [Name], [IsActive], [Email], [EmailConfirmed], [PasswordHash], [SecurityStamp], [PhoneNumber], [PhoneNumberConfirmed], [TwoFactorEnabled], [LockoutEndDateUtc], [LockoutEnabled], [AccessFailedCount], [UserName]) VALUES (N'00d4914d-de11-45f6-9f77-5cecb76cc297', NULL, 1, N'profesor@aspira.hr', 0, N'AKmzdB6s0/8RgaeH6d9FPqt0bXZyEEy3z4TdToOaoJAGoW3C99Jc/NsslikChJ1/sg==', N'1b51c70b-fb3a-4642-894a-e504da9a3782', NULL, 0, 0, NULL, 1, 0, N'profesor@aspira.hr')
GO
INSERT [dbo].[AspNetUsers] ([Id], [Name], [IsActive], [Email], [EmailConfirmed], [PasswordHash], [SecurityStamp], [PhoneNumber], [PhoneNumberConfirmed], [TwoFactorEnabled], [LockoutEndDateUtc], [LockoutEnabled], [AccessFailedCount], [UserName]) VALUES (N'0a02f38a-be30-4b1e-93be-ec080bf3e9a3', NULL, 1, N'osoba10@fakultet10.com', 0, N'AKje4to3Zw29d69QV1duD63vpnhl60eGHdVuUMl6irVVX73WcBkV4ju7c2UYmonRBg==', N'3469da39-b75b-4297-8c51-d11ecf88ab0e', NULL, 0, 0, NULL, 1, 0, N'osoba10@fakultet10.com')
GO
INSERT [dbo].[AspNetUsers] ([Id], [Name], [IsActive], [Email], [EmailConfirmed], [PasswordHash], [SecurityStamp], [PhoneNumber], [PhoneNumberConfirmed], [TwoFactorEnabled], [LockoutEndDateUtc], [LockoutEnabled], [AccessFailedCount], [UserName]) VALUES (N'0d3675dc-4152-4497-9092-fdd5c5627c60', NULL, 1, N'profesor21@faks21.com', 0, N'AMHpBQ70IGj24BkpuudW7onlK/QI5erZBRlmjSiKK0vzTTZwKxrYHZ2lHQUZD2BjBQ==', N'8d83ab60-2c1c-46e0-a528-c06fb306677b', NULL, 0, 0, NULL, 1, 0, N'profesor21@faks21.com')
GO
INSERT [dbo].[AspNetUsers] ([Id], [Name], [IsActive], [Email], [EmailConfirmed], [PasswordHash], [SecurityStamp], [PhoneNumber], [PhoneNumberConfirmed], [TwoFactorEnabled], [LockoutEndDateUtc], [LockoutEnabled], [AccessFailedCount], [UserName]) VALUES (N'1799a0b6-cdc9-48d0-9297-99187cb4641b', NULL, 1, N'firma.praksa@outlook.com', 0, N'ADwn3NlCggt8tJLyXTFx92nT+/X+MNnLwwz3dRrQk6GPzVTdf3vCEJRDogqAx9wMXA==', N'24a25a2f-ba13-4081-a452-8f090e47fb55', NULL, 0, 0, NULL, 1, 0, N'firma.praksa@outlook.com')
GO
INSERT [dbo].[AspNetUsers] ([Id], [Name], [IsActive], [Email], [EmailConfirmed], [PasswordHash], [SecurityStamp], [PhoneNumber], [PhoneNumberConfirmed], [TwoFactorEnabled], [LockoutEndDateUtc], [LockoutEnabled], [AccessFailedCount], [UserName]) VALUES (N'3265a369-7e5f-42e6-8de7-e0d71bd5743c', N'student', 1, N'student@sp.com', 1, N'APJxctNcovnFpVS7HboRo1HT865XDbyl3vxlsPvBLUEz92n5HlTmkl95CK+VboekRg==', N'9fcdf316-9966-425d-9490-cca820527bc8', NULL, 0, 0, NULL, 0, 0, N'student@sp.com')
GO
INSERT [dbo].[AspNetUsers] ([Id], [Name], [IsActive], [Email], [EmailConfirmed], [PasswordHash], [SecurityStamp], [PhoneNumber], [PhoneNumberConfirmed], [TwoFactorEnabled], [LockoutEndDateUtc], [LockoutEnabled], [AccessFailedCount], [UserName]) VALUES (N'339732ff-e867-4fe0-bf51-f05c04d9c65e', NULL, 1, N'Student6@sp.com', 0, N'AEGhPkpGiDKrpKhR9Y4uysspVo539RCtm/yiLFqbyVcVhK9mFZm1BL/cew/TF2nYrg==', N'e73507b7-897c-4141-8c76-ad095f3ed4f7', NULL, 0, 0, NULL, 1, 0, N'Student6@sp.com')
GO
INSERT [dbo].[AspNetUsers] ([Id], [Name], [IsActive], [Email], [EmailConfirmed], [PasswordHash], [SecurityStamp], [PhoneNumber], [PhoneNumberConfirmed], [TwoFactorEnabled], [LockoutEndDateUtc], [LockoutEnabled], [AccessFailedCount], [UserName]) VALUES (N'41c0a59b-7d0d-4751-85c1-4c69ea7ddd02', NULL, 1, N'osoba21@faks21.com', 0, N'ANY9M84MoMhX7nV8iwP/qfGIAIT9ave+Nma/mJVWFgLVmzrgGdYTplCmF+szOHBnvg==', N'8cff42fb-4905-4958-be31-c9a5818006e4', NULL, 0, 0, NULL, 1, 0, N'osoba21@faks21.com')
GO
INSERT [dbo].[AspNetUsers] ([Id], [Name], [IsActive], [Email], [EmailConfirmed], [PasswordHash], [SecurityStamp], [PhoneNumber], [PhoneNumberConfirmed], [TwoFactorEnabled], [LockoutEndDateUtc], [LockoutEnabled], [AccessFailedCount], [UserName]) VALUES (N'42de8fb9-f6a1-4b4f-8ce8-e4f71624b89d', NULL, 1, N'horvat2@horvat.com', 0, N'AHR7kcLIBzoMpaH56nQbJFUc1wsBzke9idBBjjBxVsi3csbO21SsoeYisGjnFse/+w==', N'd3e0b918-d651-45c5-a241-d81b06170a0a', NULL, 0, 0, NULL, 1, 0, N'horvat2@horvat.com')
GO
INSERT [dbo].[AspNetUsers] ([Id], [Name], [IsActive], [Email], [EmailConfirmed], [PasswordHash], [SecurityStamp], [PhoneNumber], [PhoneNumberConfirmed], [TwoFactorEnabled], [LockoutEndDateUtc], [LockoutEnabled], [AccessFailedCount], [UserName]) VALUES (N'46dead39-6514-44dc-847a-7d1ee78b3bc2', NULL, 1, N'student123@sp.com', 0, N'AN5N7m2//Sc1sXbAwbID3BM/rxGYTYoE5ZXEGAMfyxl0IUNU3TRONI7ptWpwUEM4Ig==', N'8aa8d3f5-eb01-485b-94ba-a8ad7c74acaa', NULL, 0, 0, NULL, 1, 0, N'student123@sp.com')
GO
INSERT [dbo].[AspNetUsers] ([Id], [Name], [IsActive], [Email], [EmailConfirmed], [PasswordHash], [SecurityStamp], [PhoneNumber], [PhoneNumberConfirmed], [TwoFactorEnabled], [LockoutEndDateUtc], [LockoutEnabled], [AccessFailedCount], [UserName]) VALUES (N'4cea7f54-4c1e-43ad-8415-ab02abcd7c54', NULL, 1, N'adminfesb@sp.com', 0, N'AKHm7VID73c4qftQAxZk2af7tbC3bmJPWMSkAAUNwrHpPVk/r0fbbsJq34QAstXPIA==', N'a0515aa7-f2bd-4196-b659-4c52cc3a0fb4', NULL, 0, 0, NULL, 1, 0, N'adminfesb@sp.com')
GO
INSERT [dbo].[AspNetUsers] ([Id], [Name], [IsActive], [Email], [EmailConfirmed], [PasswordHash], [SecurityStamp], [PhoneNumber], [PhoneNumberConfirmed], [TwoFactorEnabled], [LockoutEndDateUtc], [LockoutEnabled], [AccessFailedCount], [UserName]) VALUES (N'54ac6e79-f0b4-4d30-a17a-cbad17dd47e9', NULL, 1, N'student3@sp.com', 0, N'AHECjoKR++MvUphLE/0Rdxtxj4iS6cqJq+/a0CYT5vHdqOxgcGb3u6P6BPWYzH+m2Q==', N'72188480-58a2-4757-9ed5-5c25db200e91', NULL, 0, 0, NULL, 1, 0, N'student3@sp.com')
GO
INSERT [dbo].[AspNetUsers] ([Id], [Name], [IsActive], [Email], [EmailConfirmed], [PasswordHash], [SecurityStamp], [PhoneNumber], [PhoneNumberConfirmed], [TwoFactorEnabled], [LockoutEndDateUtc], [LockoutEnabled], [AccessFailedCount], [UserName]) VALUES (N'5eae01ad-6170-4527-ba62-94d2f96332da', NULL, 1, N'sssss@sp.com', 0, N'AD0WMkIr6eteH26CSUfCKzi21RGxPxOiWZc7J2tKYmWKWEdJ1uXaWvhrlIIeIIabcw==', N'04db8177-f302-4e50-8cac-49c481812822', NULL, 0, 0, NULL, 1, 0, N'sssss@sp.com')
GO
INSERT [dbo].[AspNetUsers] ([Id], [Name], [IsActive], [Email], [EmailConfirmed], [PasswordHash], [SecurityStamp], [PhoneNumber], [PhoneNumberConfirmed], [TwoFactorEnabled], [LockoutEndDateUtc], [LockoutEnabled], [AccessFailedCount], [UserName]) VALUES (N'6bd44041-6049-4002-ba83-1beee9cbc77a', NULL, 1, N'profesor2@aspira.hr', 0, N'AGTqfxanLc9PPFkgv0bjzbomMPjaF7c4uTaKv4buEn543tw41kqSN+9rqrAe0NSjAg==', N'5b996603-3a51-4b03-8823-c7554d6a2a18', NULL, 0, 0, NULL, 1, 0, N'profesor2@aspira.hr')
GO
INSERT [dbo].[AspNetUsers] ([Id], [Name], [IsActive], [Email], [EmailConfirmed], [PasswordHash], [SecurityStamp], [PhoneNumber], [PhoneNumberConfirmed], [TwoFactorEnabled], [LockoutEndDateUtc], [LockoutEnabled], [AccessFailedCount], [UserName]) VALUES (N'86ac7bba-d67a-485d-942d-bfd184d8b0fc', NULL, 1, N'studenti.praksa@outlook.com', 0, N'AO4t5kMwFdR6dvb9T6oGcobY9BpTKh34TQS/e6Oofj3OIX1oLAbjfIXLDP96fe0fYw==', N'3e776b55-d34c-443e-a341-321bc0bdbe49', NULL, 0, 0, NULL, 1, 0, N'studenti.praksa@outlook.com')
GO
INSERT [dbo].[AspNetUsers] ([Id], [Name], [IsActive], [Email], [EmailConfirmed], [PasswordHash], [SecurityStamp], [PhoneNumber], [PhoneNumberConfirmed], [TwoFactorEnabled], [LockoutEndDateUtc], [LockoutEnabled], [AccessFailedCount], [UserName]) VALUES (N'8e4fdb11-aae8-4a52-8ef8-bc14825c8951', NULL, 1, N'Profesor4@sp.com', 0, N'AFjN/gVzfBg2A7n8WhanQsYSgfBvKS5gA2YU635dVinW/wKTpIS6Cln285SQktCi3w==', N'd8e96668-47bf-49bd-b0ab-49d5e1f68c66', NULL, 0, 0, NULL, 1, 0, N'Profesor4@sp.com')
GO
INSERT [dbo].[AspNetUsers] ([Id], [Name], [IsActive], [Email], [EmailConfirmed], [PasswordHash], [SecurityStamp], [PhoneNumber], [PhoneNumberConfirmed], [TwoFactorEnabled], [LockoutEndDateUtc], [LockoutEnabled], [AccessFailedCount], [UserName]) VALUES (N'90d1cc0c-5ac9-4ef5-bd94-719ce364e686', NULL, 1, N'profesor2@strucna.com', 0, N'AKDqlC8as2cKTdyhPTSNVIEXApWjm4GpsfPu2ao9qtc5hr/khfT69G8JXkdw1P8gBQ==', N'e9e79f73-1362-4828-9035-7725acd6a68a', NULL, 0, 0, NULL, 1, 0, N'profesor2@strucna.com')
GO
INSERT [dbo].[AspNetUsers] ([Id], [Name], [IsActive], [Email], [EmailConfirmed], [PasswordHash], [SecurityStamp], [PhoneNumber], [PhoneNumberConfirmed], [TwoFactorEnabled], [LockoutEndDateUtc], [LockoutEnabled], [AccessFailedCount], [UserName]) VALUES (N'93d0835f-2f4e-4a42-a410-6576d62e3558', NULL, 1, N'student2@sp.com', 0, N'AC3Gp/tu1BZNL9A9LU4uRempx8pa6nxuiVeDXNt85rzdbsl9PTjrteFqGDHF2WDj1A==', N'5a0d93cb-bc79-48a8-aa4d-5c20bc9fb19d', NULL, 0, 0, NULL, 1, 0, N'student2@sp.com')
GO
INSERT [dbo].[AspNetUsers] ([Id], [Name], [IsActive], [Email], [EmailConfirmed], [PasswordHash], [SecurityStamp], [PhoneNumber], [PhoneNumberConfirmed], [TwoFactorEnabled], [LockoutEndDateUtc], [LockoutEnabled], [AccessFailedCount], [UserName]) VALUES (N'a48262b3-b223-43a2-b016-96f74318b723', NULL, 1, N'hrvoje.horvat@profesori.hr', 0, N'AOboSGQkd1AdZB+bI9SV7CWRz6wv7W/XaIVsrqUOVxPJur6skRwVAemgUjS0jN+F2A==', N'b87f52d2-3cb0-46b7-9826-37dcef939b92', NULL, 0, 0, NULL, 1, 0, N'hrvoje.horvat@profesori.hr')
GO
INSERT [dbo].[AspNetUsers] ([Id], [Name], [IsActive], [Email], [EmailConfirmed], [PasswordHash], [SecurityStamp], [PhoneNumber], [PhoneNumberConfirmed], [TwoFactorEnabled], [LockoutEndDateUtc], [LockoutEnabled], [AccessFailedCount], [UserName]) VALUES (N'bd33ba6d-e4ae-41e3-b54d-e88ea776be0d', NULL, 1, N'osoba32@faks3.com', 0, N'AHzvp8tASE75in5IgVy+6lu9w4OuTBvRhGAc+1CDMHsIaKs/CGoU+mVv+8IO7tz1lg==', N'bbf861a1-3271-4bfc-9dbf-08db2a61ef90', NULL, 0, 0, NULL, 1, 0, N'osoba32@faks3.com')
GO
INSERT [dbo].[AspNetUsers] ([Id], [Name], [IsActive], [Email], [EmailConfirmed], [PasswordHash], [SecurityStamp], [PhoneNumber], [PhoneNumberConfirmed], [TwoFactorEnabled], [LockoutEndDateUtc], [LockoutEnabled], [AccessFailedCount], [UserName]) VALUES (N'c9c12e28-3c37-4a9d-93c6-c1cb7acebd06', N'profesor', 1, N'profesor@sp.com', 1, N'AJD679D1DG+iucQt6CqhoW7DF8YbkDTBAcf5gWs0WiAdTYhp3b8sE9IPi+W26XMJUw==', N'df3477f2-09ec-44a4-834c-3187c653ca44', NULL, 0, 0, NULL, 0, 0, N'profesor@sp.com')
GO
INSERT [dbo].[AspNetUsers] ([Id], [Name], [IsActive], [Email], [EmailConfirmed], [PasswordHash], [SecurityStamp], [PhoneNumber], [PhoneNumberConfirmed], [TwoFactorEnabled], [LockoutEndDateUtc], [LockoutEnabled], [AccessFailedCount], [UserName]) VALUES (N'd0060d1a-3def-47ad-b6a8-6629e2c45d49', NULL, 1, N'test01@fakultet.hr', 0, N'AHtK1Rvr/01kRfPrSptWF3vV5nF9WcORtiFfbc7vxs25/5CNo3Yy01LODZ+/86uN4A==', N'67b53cb8-ff34-46b8-97ef-f00cc61d461d', NULL, 0, 0, NULL, 1, 0, N'test01@fakultet.hr')
GO
INSERT [dbo].[AspNetUsers] ([Id], [Name], [IsActive], [Email], [EmailConfirmed], [PasswordHash], [SecurityStamp], [PhoneNumber], [PhoneNumberConfirmed], [TwoFactorEnabled], [LockoutEndDateUtc], [LockoutEnabled], [AccessFailedCount], [UserName]) VALUES (N'd3d9a7c9-106f-443f-91bf-0fb74c009ed4', N'admin', 1, N'admin@sp.com', 1, N'AEKFNoWTRap2eq+Nojc3wOnZNTG85m2+CMOBxEnmp+lSexCVMEJQ3WZowIqsTDKnGg==', N'4f01fef1-4ecf-4dce-b1ba-6874cb88df3b', NULL, 0, 0, NULL, 0, 0, N'admin@sp.com')
GO
INSERT [dbo].[AspNetUsers] ([Id], [Name], [IsActive], [Email], [EmailConfirmed], [PasswordHash], [SecurityStamp], [PhoneNumber], [PhoneNumberConfirmed], [TwoFactorEnabled], [LockoutEndDateUtc], [LockoutEnabled], [AccessFailedCount], [UserName]) VALUES (N'd3d9a7c9-106f-443f-91bf-0fb74c009ed5', N'firma', 1, N'admin@sp.com', 1, N'AEKFNoWTRap2eq+Nojc3wOnZNTG85m2+CMOBxEnmp+lSexCVMEJQ3WZowIqsTDKnGg==', N'4f01fef1-4ecf-4dce-b1ba-6874cb88df3b', NULL, 0, 0, NULL, 0, 0, N'firma@sp.com')
GO
INSERT [dbo].[AspNetUsers] ([Id], [Name], [IsActive], [Email], [EmailConfirmed], [PasswordHash], [SecurityStamp], [PhoneNumber], [PhoneNumberConfirmed], [TwoFactorEnabled], [LockoutEndDateUtc], [LockoutEnabled], [AccessFailedCount], [UserName]) VALUES (N'e4b0a27f-b987-4f17-bd98-72c7872711cb', NULL, 1, N'profesor3@fakultet3.com', 0, N'AOUJJIe9avzoO04zbPLyxLZuhF/e+LlAvM7oeukz3+AIeTNMasC6ZQtM0619dfq7DQ==', N'a6f1ab72-3177-493c-92e2-9e49bc2fe1a7', NULL, 0, 0, NULL, 1, 0, N'profesor3@fakultet3.com')
GO
INSERT [dbo].[AspNetUsers] ([Id], [Name], [IsActive], [Email], [EmailConfirmed], [PasswordHash], [SecurityStamp], [PhoneNumber], [PhoneNumberConfirmed], [TwoFactorEnabled], [LockoutEndDateUtc], [LockoutEnabled], [AccessFailedCount], [UserName]) VALUES (N'f89f27f1-b022-4f93-995d-75ed0d7738f1', NULL, 1, N'student8@sp.com', 0, N'AHNtXwuVy0GukKgKNlVc4XExD9t8BmYtwdAu4mfWGsVrVeNOGMK6XzWLCYCBge+KVQ==', N'761c6789-dd72-4edd-9409-e1d115ba34f8', NULL, 0, 0, NULL, 1, 0, N'student8@sp.com')
GO
INSERT [dbo].[AspNetUsers] ([Id], [Name], [IsActive], [Email], [EmailConfirmed], [PasswordHash], [SecurityStamp], [PhoneNumber], [PhoneNumberConfirmed], [TwoFactorEnabled], [LockoutEndDateUtc], [LockoutEnabled], [AccessFailedCount], [UserName]) VALUES (N'fbc7afaa-f446-4e36-92dd-6e4b608286a5', NULL, 1, N'profesor10@faks10.com', 0, N'ABmsg7xSyRFTOlgan/DBXaUGUAdSRe+NiTB/b7vm2MtDIV6qS9UnmVwMphbDQ0nZkA==', N'9f3240b8-2ce4-492e-ac07-defb4050a0fa', NULL, 0, 0, NULL, 1, 0, N'profesor10@faks10.com')
GO
SET IDENTITY_INSERT [dbo].[Attendances] ON 
GO
INSERT [dbo].[Attendances] ([Id], [PracticeRemarks], [Diagnosis], [SecondDiagnosis], [ThirdDiagnosis], [Therapy], [Date], [PatientId]) VALUES (1, N'tests', N'test', NULL, NULL, N'test terapija', CAST(N'2019-10-31T13:51:40.833' AS DateTime), 1)
GO
INSERT [dbo].[Attendances] ([Id], [PracticeRemarks], [Diagnosis], [SecondDiagnosis], [ThirdDiagnosis], [Therapy], [Date], [PatientId]) VALUES (2, N'Stručna praksa - Atos', N'Kreirati web aplikaciju', N'Lokalni razvoj na laptopu', N'VS2017 i MSSQL Sercer express 2017', N'web aplikacija na linku ....', CAST(N'2019-12-07T12:30:41.023' AS DateTime), 1)
GO
SET IDENTITY_INSERT [dbo].[Attendances] OFF
GO
INSERT [dbo].[Cities] ([Id], [Name]) VALUES (1, N'Split')
GO
INSERT [dbo].[Cities] ([Id], [Name]) VALUES (2, N'Zadar')
GO
INSERT [dbo].[Cities] ([Id], [Name]) VALUES (3, N'Dubrovnik')
GO
INSERT [dbo].[Cities] ([Id], [Name]) VALUES (4, N'Zagreb')
GO
SET IDENTITY_INSERT [dbo].[DocumentTypes] ON 
GO
INSERT [dbo].[DocumentTypes] ([Id], [Name], [Description]) VALUES (1, N'Dnevnik rada', N'Dnevnik ')
GO
INSERT [dbo].[DocumentTypes] ([Id], [Name], [Description]) VALUES (2, N'Izvještaj sa prakse', N'Detaljni izvještaj o studentskoj praksi')
GO
SET IDENTITY_INSERT [dbo].[DocumentTypes] OFF
GO
SET IDENTITY_INSERT [dbo].[Faculties] ON 
GO
INSERT [dbo].[Faculties] ([Id], [Name], [FacultyAddress], [FacultyTypeID], [FacultySectorID], [Programi], [Description], [Activity]) VALUES (1, N'Aspira', N'Domovinskog rata x', 2, 2, N'Računarstvo;Ekonomija', N'opis faksa', 1)
GO
INSERT [dbo].[Faculties] ([Id], [Name], [FacultyAddress], [FacultyTypeID], [FacultySectorID], [Programi], [Description], [Activity]) VALUES (2, N'fesb', N'Ruđera Boškovića Split', 1, 1, N'Elektrotehnika;Računarstvo;Strojarstvo', N'opis faksa', 1)
GO
INSERT [dbo].[Faculties] ([Id], [Name], [FacultyAddress], [FacultyTypeID], [FacultySectorID], [Programi], [Description], [Activity]) VALUES (3, N'Faks1', N'Adresa1', 1, 1, N'Program1', N'Opis1', 1)
GO
INSERT [dbo].[Faculties] ([Id], [Name], [FacultyAddress], [FacultyTypeID], [FacultySectorID], [Programi], [Description], [Activity]) VALUES (4, N'Faks2', N'Adresa2', 1, 1, N'Program2', N'Opis2', 1)
GO
INSERT [dbo].[Faculties] ([Id], [Name], [FacultyAddress], [FacultyTypeID], [FacultySectorID], [Programi], [Description], [Activity]) VALUES (5, N'Faks3', N'Adresa3', 1, 1, N'Program3', N'Opis3', 1)
GO
INSERT [dbo].[Faculties] ([Id], [Name], [FacultyAddress], [FacultyTypeID], [FacultySectorID], [Programi], [Description], [Activity]) VALUES (6, N'Faks4', N'Adresa4', 1, 1, N'Program4', N'Opis4', 1)
GO
INSERT [dbo].[Faculties] ([Id], [Name], [FacultyAddress], [FacultyTypeID], [FacultySectorID], [Programi], [Description], [Activity]) VALUES (7, N'Faks5', N'Adresa5', 1, 1, N'Program5', N'Opis5', 1)
GO
INSERT [dbo].[Faculties] ([Id], [Name], [FacultyAddress], [FacultyTypeID], [FacultySectorID], [Programi], [Description], [Activity]) VALUES (8, N'Faks6', N'Adresa6', 1, 1, N'Program6', N'Opis6', 1)
GO
INSERT [dbo].[Faculties] ([Id], [Name], [FacultyAddress], [FacultyTypeID], [FacultySectorID], [Programi], [Description], [Activity]) VALUES (9, N'Faks7', N'Adresa7', 1, 1, N'Program7', N'Opis7', 1)
GO
INSERT [dbo].[Faculties] ([Id], [Name], [FacultyAddress], [FacultyTypeID], [FacultySectorID], [Programi], [Description], [Activity]) VALUES (10, N'Faks8', N'Adresa8', 1, 1, N'Program8', N'Opis8', 1)
GO
INSERT [dbo].[Faculties] ([Id], [Name], [FacultyAddress], [FacultyTypeID], [FacultySectorID], [Programi], [Description], [Activity]) VALUES (11, N'Faks9', N'Adresa9', 1, 1, N'Program9', N'Opis9', 1)
GO
INSERT [dbo].[Faculties] ([Id], [Name], [FacultyAddress], [FacultyTypeID], [FacultySectorID], [Programi], [Description], [Activity]) VALUES (12, N'Faks10', N'Adresa10', 1, 1, N'Program10', N'Opis10', 1)
GO
SET IDENTITY_INSERT [dbo].[Faculties] OFF
GO
SET IDENTITY_INSERT [dbo].[Faculty2] ON 
GO
INSERT [dbo].[Faculty2] ([FacultyID], [Name], [FacultyAddress], [FacultyTypeID], [FacultySectorID], [Programi], [Description], [Activity]) VALUES (1, N'Fakultet2', N'adresa faks 2', 1, 1, N'2', N'2', 1)
GO
SET IDENTITY_INSERT [dbo].[Faculty2] OFF
GO
SET IDENTITY_INSERT [dbo].[FacultySectors] ON 
GO
INSERT [dbo].[FacultySectors] ([Id], [Name], [Description]) VALUES (1, N'Javno', N'javni sektor')
GO
INSERT [dbo].[FacultySectors] ([Id], [Name], [Description]) VALUES (2, N'Privatno', N'privatni sektor')
GO
INSERT [dbo].[FacultySectors] ([Id], [Name], [Description]) VALUES (3, N'JavnoPrivatno', N'kombinacija javnog i privatnog')
GO
SET IDENTITY_INSERT [dbo].[FacultySectors] OFF
GO
SET IDENTITY_INSERT [dbo].[FacultyTypes] ON 
GO
INSERT [dbo].[FacultyTypes] ([Id], [Name], [Description]) VALUES (1, N'Sveučilište', NULL)
GO
INSERT [dbo].[FacultyTypes] ([Id], [Name], [Description]) VALUES (2, N'Visoka škola', NULL)
GO
INSERT [dbo].[FacultyTypes] ([Id], [Name], [Description]) VALUES (3, N'Visoko učilište', NULL)
GO
SET IDENTITY_INSERT [dbo].[FacultyTypes] OFF
GO
SET IDENTITY_INSERT [dbo].[Patients] ON 
GO
INSERT [dbo].[Patients] ([Id], [Token], [Name], [Sex], [BirthDate], [Phone], [Address], [CityId], [DateTime], [Height], [Weight]) VALUES (1, N'0002018', N'Mate Matić', 1, CAST(N'2019-10-23T00:00:00.000' AS DateTime), N'333', N'333', 1, CAST(N'2019-10-30T13:18:50.047' AS DateTime), N'33', N'44')
GO
INSERT [dbo].[Patients] ([Id], [Token], [Name], [Sex], [BirthDate], [Phone], [Address], [CityId], [DateTime], [Height], [Weight]) VALUES (2, N'0002019', N'Jure Jurić', 1, CAST(N'2019-11-21T00:00:00.000' AS DateTime), N'385192193', N'test adresa', 1, CAST(N'2019-11-19T11:48:48.937' AS DateTime), N'177', N'22')
GO
INSERT [dbo].[Patients] ([Id], [Token], [Name], [Sex], [BirthDate], [Phone], [Address], [CityId], [DateTime], [Height], [Weight]) VALUES (4, N'0002020', N'Osoba31', 2, CAST(N'2019-12-24T00:00:00.000' AS DateTime), N'121212212', N'Split osoba 31', 1, CAST(N'2019-12-09T16:40:20.890' AS DateTime), N'111', N'22')
GO
SET IDENTITY_INSERT [dbo].[Patients] OFF
GO
SET IDENTITY_INSERT [dbo].[People] ON 
GO
INSERT [dbo].[People] ([Id], [Name], [FacultyId], [Phone], [Address]) VALUES (1, N'Osoba1', 1, N'123', N'3455')
GO
INSERT [dbo].[People] ([Id], [Name], [FacultyId], [Phone], [Address]) VALUES (3, N'Osoba2', 1, N'345678', N'adresa 2333')
GO
INSERT [dbo].[People] ([Id], [Name], [FacultyId], [Phone], [Address]) VALUES (4, N'Osoba3', 1, N'123456', N'234234')
GO
INSERT [dbo].[People] ([Id], [Name], [FacultyId], [Phone], [Address]) VALUES (5, N'Osoba4', 1, N'123456', N'sadasa')
GO
INSERT [dbo].[People] ([Id], [Name], [FacultyId], [Phone], [Address]) VALUES (6, N'Osoba5', 2, N'324234', N'fesb7')
GO
INSERT [dbo].[People] ([Id], [Name], [FacultyId], [Phone], [Address]) VALUES (7, N'Osoba6', 1, N'1234567', N'adresa')
GO
INSERT [dbo].[People] ([Id], [Name], [FacultyId], [Phone], [Address]) VALUES (8, N'Osoba7', 1, N'0213904545454', N'ulica 8')
GO
INSERT [dbo].[People] ([Id], [Name], [FacultyId], [Phone], [Address]) VALUES (9, N'Osoba21', 11, N'123456', N'adresa 6')
GO
INSERT [dbo].[People] ([Id], [Name], [FacultyId], [Phone], [Address]) VALUES (10, N'Osoba32', 5, N'112321', N'213213')
GO
INSERT [dbo].[People] ([Id], [Name], [FacultyId], [Phone], [Address]) VALUES (11, N'Student', 1, N'0218888888', N'Split, Ulica Student 11')
GO
INSERT [dbo].[People] ([Id], [Name], [FacultyId], [Phone], [Address]) VALUES (12, N'Firma', 7, N'021555555', N'Firma Ulica 55')
GO
SET IDENTITY_INSERT [dbo].[People] OFF
GO
SET IDENTITY_INSERT [dbo].[Profesors] ON 
GO
INSERT [dbo].[Profesors] ([Id], [Name], [Phone], [IsAvailable], [Address], [SpecializationId], [PhysicianId]) VALUES (1, N'Profesor 1', N'12345', 1, N'ulica', 2, N'6bd44041-6049-4002-ba83-1beee9cbc77a')
GO
INSERT [dbo].[Profesors] ([Id], [Name], [Phone], [IsAvailable], [Address], [SpecializationId], [PhysicianId]) VALUES (2, N'Profesor2', N'1234567', 1, N'adresa 2', 4, N'90d1cc0c-5ac9-4ef5-bd94-719ce364e686')
GO
INSERT [dbo].[Profesors] ([Id], [Name], [Phone], [IsAvailable], [Address], [SpecializationId], [PhysicianId]) VALUES (3, N'Profesor3', N'0211234567', 1, N'Split ulica 1', 2, N'e4b0a27f-b987-4f17-bd98-72c7872711cb')
GO
INSERT [dbo].[Profesors] ([Id], [Name], [Phone], [IsAvailable], [Address], [SpecializationId], [PhysicianId]) VALUES (4, N'Profesor10', N'1234567', 1, N'adresa 10', 3, N'fbc7afaa-f446-4e36-92dd-6e4b608286a5')
GO
INSERT [dbo].[Profesors] ([Id], [Name], [Phone], [IsAvailable], [Address], [SpecializationId], [PhysicianId]) VALUES (5, N'Profesor21', N'2121212', 1, N'adresa21', 2, N'0d3675dc-4152-4497-9092-fdd5c5627c60')
GO
INSERT [dbo].[Profesors] ([Id], [Name], [Phone], [IsAvailable], [Address], [SpecializationId], [PhysicianId]) VALUES (6, N'prof. Hrvoje Horvat', N'099233998877', 1, N'Velebitska 28B', 3, N'a48262b3-b223-43a2-b016-96f74318b723')
GO
INSERT [dbo].[Profesors] ([Id], [Name], [Phone], [IsAvailable], [Address], [SpecializationId], [PhysicianId]) VALUES (7, N'Hrvoje Horvat 2', N'12345', 1, N'test d ali radi autorizacija', 2, N'42de8fb9-f6a1-4b4f-8ce8-e4f71624b89d')
GO
SET IDENTITY_INSERT [dbo].[Profesors] OFF
GO
SET IDENTITY_INSERT [dbo].[Specializations] ON 
GO
INSERT [dbo].[Specializations] ([Id], [Name]) VALUES (1, N'Predavač')
GO
INSERT [dbo].[Specializations] ([Id], [Name]) VALUES (2, N'Viši predavač')
GO
INSERT [dbo].[Specializations] ([Id], [Name]) VALUES (3, N'Profesor')
GO
INSERT [dbo].[Specializations] ([Id], [Name]) VALUES (4, N'Lektor')
GO
SET IDENTITY_INSERT [dbo].[Specializations] OFF
GO
/****** Object:  Index [IX_DoctorId]    Script Date: 10.12.2019. 11:11:14 ******/
CREATE NONCLUSTERED INDEX [IX_DoctorId] ON [dbo].[Appointments]
(
	[ProfesorId] ASC
)WITH (PAD_INDEX = OFF, STATISTICS_NORECOMPUTE = OFF, SORT_IN_TEMPDB = OFF, DROP_EXISTING = OFF, ONLINE = OFF, ALLOW_ROW_LOCKS = ON, ALLOW_PAGE_LOCKS = ON) ON [PRIMARY]
GO
/****** Object:  Index [IX_PatientId]    Script Date: 10.12.2019. 11:11:14 ******/
CREATE NONCLUSTERED INDEX [IX_PatientId] ON [dbo].[Appointments]
(
	[PatientId] ASC
)WITH (PAD_INDEX = OFF, STATISTICS_NORECOMPUTE = OFF, SORT_IN_TEMPDB = OFF, DROP_EXISTING = OFF, ONLINE = OFF, ALLOW_ROW_LOCKS = ON, ALLOW_PAGE_LOCKS = ON) ON [PRIMARY]
GO
SET ANSI_PADDING ON
GO
/****** Object:  Index [RoleNameIndex]    Script Date: 10.12.2019. 11:11:14 ******/
CREATE UNIQUE NONCLUSTERED INDEX [RoleNameIndex] ON [dbo].[AspNetRoles]
(
	[Name] ASC
)WITH (PAD_INDEX = OFF, STATISTICS_NORECOMPUTE = OFF, SORT_IN_TEMPDB = OFF, IGNORE_DUP_KEY = OFF, DROP_EXISTING = OFF, ONLINE = OFF, ALLOW_ROW_LOCKS = ON, ALLOW_PAGE_LOCKS = ON) ON [PRIMARY]
GO
SET ANSI_PADDING ON
GO
/****** Object:  Index [IX_UserId]    Script Date: 10.12.2019. 11:11:14 ******/
CREATE NONCLUSTERED INDEX [IX_UserId] ON [dbo].[AspNetUserClaims]
(
	[UserId] ASC
)WITH (PAD_INDEX = OFF, STATISTICS_NORECOMPUTE = OFF, SORT_IN_TEMPDB = OFF, DROP_EXISTING = OFF, ONLINE = OFF, ALLOW_ROW_LOCKS = ON, ALLOW_PAGE_LOCKS = ON) ON [PRIMARY]
GO
SET ANSI_PADDING ON
GO
/****** Object:  Index [IX_UserId]    Script Date: 10.12.2019. 11:11:14 ******/
CREATE NONCLUSTERED INDEX [IX_UserId] ON [dbo].[AspNetUserLogins]
(
	[UserId] ASC
)WITH (PAD_INDEX = OFF, STATISTICS_NORECOMPUTE = OFF, SORT_IN_TEMPDB = OFF, DROP_EXISTING = OFF, ONLINE = OFF, ALLOW_ROW_LOCKS = ON, ALLOW_PAGE_LOCKS = ON) ON [PRIMARY]
GO
SET ANSI_PADDING ON
GO
/****** Object:  Index [IX_RoleId]    Script Date: 10.12.2019. 11:11:14 ******/
CREATE NONCLUSTERED INDEX [IX_RoleId] ON [dbo].[AspNetUserRoles]
(
	[RoleId] ASC
)WITH (PAD_INDEX = OFF, STATISTICS_NORECOMPUTE = OFF, SORT_IN_TEMPDB = OFF, DROP_EXISTING = OFF, ONLINE = OFF, ALLOW_ROW_LOCKS = ON, ALLOW_PAGE_LOCKS = ON) ON [PRIMARY]
GO
SET ANSI_PADDING ON
GO
/****** Object:  Index [IX_UserId]    Script Date: 10.12.2019. 11:11:14 ******/
CREATE NONCLUSTERED INDEX [IX_UserId] ON [dbo].[AspNetUserRoles]
(
	[UserId] ASC
)WITH (PAD_INDEX = OFF, STATISTICS_NORECOMPUTE = OFF, SORT_IN_TEMPDB = OFF, DROP_EXISTING = OFF, ONLINE = OFF, ALLOW_ROW_LOCKS = ON, ALLOW_PAGE_LOCKS = ON) ON [PRIMARY]
GO
SET ANSI_PADDING ON
GO
/****** Object:  Index [UserNameIndex]    Script Date: 10.12.2019. 11:11:14 ******/
CREATE UNIQUE NONCLUSTERED INDEX [UserNameIndex] ON [dbo].[AspNetUsers]
(
	[UserName] ASC
)WITH (PAD_INDEX = OFF, STATISTICS_NORECOMPUTE = OFF, SORT_IN_TEMPDB = OFF, IGNORE_DUP_KEY = OFF, DROP_EXISTING = OFF, ONLINE = OFF, ALLOW_ROW_LOCKS = ON, ALLOW_PAGE_LOCKS = ON) ON [PRIMARY]
GO
/****** Object:  Index [IX_PatientId]    Script Date: 10.12.2019. 11:11:14 ******/
CREATE NONCLUSTERED INDEX [IX_PatientId] ON [dbo].[Attendances]
(
	[PatientId] ASC
)WITH (PAD_INDEX = OFF, STATISTICS_NORECOMPUTE = OFF, SORT_IN_TEMPDB = OFF, DROP_EXISTING = OFF, ONLINE = OFF, ALLOW_ROW_LOCKS = ON, ALLOW_PAGE_LOCKS = ON) ON [PRIMARY]
GO
SET ANSI_PADDING ON
GO
/****** Object:  Index [IX_DocumentTemplates]    Script Date: 10.12.2019. 11:11:14 ******/
CREATE UNIQUE NONCLUSTERED INDEX [IX_DocumentTemplates] ON [dbo].[DocumentTemplates]
(
	[Title] ASC
)WITH (PAD_INDEX = OFF, STATISTICS_NORECOMPUTE = OFF, SORT_IN_TEMPDB = OFF, IGNORE_DUP_KEY = OFF, DROP_EXISTING = OFF, ONLINE = OFF, ALLOW_ROW_LOCKS = ON, ALLOW_PAGE_LOCKS = ON) ON [PRIMARY]
GO
/****** Object:  Index [IX_Faculties]    Script Date: 10.12.2019. 11:11:14 ******/
CREATE NONCLUSTERED INDEX [IX_Faculties] ON [dbo].[Faculties]
(
	[FacultySectorID] ASC
)WITH (PAD_INDEX = OFF, STATISTICS_NORECOMPUTE = OFF, SORT_IN_TEMPDB = OFF, DROP_EXISTING = OFF, ONLINE = OFF, ALLOW_ROW_LOCKS = ON, ALLOW_PAGE_LOCKS = ON) ON [PRIMARY]
GO
/****** Object:  Index [IX_Faculties_1]    Script Date: 10.12.2019. 11:11:14 ******/
CREATE NONCLUSTERED INDEX [IX_Faculties_1] ON [dbo].[Faculties]
(
	[FacultyTypeID] ASC
)WITH (PAD_INDEX = OFF, STATISTICS_NORECOMPUTE = OFF, SORT_IN_TEMPDB = OFF, DROP_EXISTING = OFF, ONLINE = OFF, ALLOW_ROW_LOCKS = ON, ALLOW_PAGE_LOCKS = ON) ON [PRIMARY]
GO
/****** Object:  Index [IX_FacultySectors]    Script Date: 10.12.2019. 11:11:14 ******/
CREATE UNIQUE NONCLUSTERED INDEX [IX_FacultySectors] ON [dbo].[FacultySectors]
(
	[Id] ASC
)WITH (PAD_INDEX = OFF, STATISTICS_NORECOMPUTE = OFF, SORT_IN_TEMPDB = OFF, IGNORE_DUP_KEY = OFF, DROP_EXISTING = OFF, ONLINE = OFF, ALLOW_ROW_LOCKS = ON, ALLOW_PAGE_LOCKS = ON) ON [PRIMARY]
GO
/****** Object:  Index [IX_FacultyType]    Script Date: 10.12.2019. 11:11:14 ******/
CREATE UNIQUE NONCLUSTERED INDEX [IX_FacultyType] ON [dbo].[FacultyTypes]
(
	[Id] ASC
)WITH (PAD_INDEX = OFF, STATISTICS_NORECOMPUTE = OFF, SORT_IN_TEMPDB = OFF, IGNORE_DUP_KEY = OFF, DROP_EXISTING = OFF, ONLINE = OFF, ALLOW_ROW_LOCKS = ON, ALLOW_PAGE_LOCKS = ON) ON [PRIMARY]
GO
/****** Object:  Index [IX_CityId]    Script Date: 10.12.2019. 11:11:14 ******/
CREATE NONCLUSTERED INDEX [IX_CityId] ON [dbo].[Patients]
(
	[CityId] ASC
)WITH (PAD_INDEX = OFF, STATISTICS_NORECOMPUTE = OFF, SORT_IN_TEMPDB = OFF, DROP_EXISTING = OFF, ONLINE = OFF, ALLOW_ROW_LOCKS = ON, ALLOW_PAGE_LOCKS = ON) ON [PRIMARY]
GO
/****** Object:  Index [IX_Students]    Script Date: 10.12.2019. 11:11:14 ******/
CREATE NONCLUSTERED INDEX [IX_Students] ON [dbo].[People]
(
	[FacultyId] ASC
)WITH (PAD_INDEX = OFF, STATISTICS_NORECOMPUTE = OFF, SORT_IN_TEMPDB = OFF, DROP_EXISTING = OFF, ONLINE = OFF, ALLOW_ROW_LOCKS = ON, ALLOW_PAGE_LOCKS = ON) ON [PRIMARY]
GO
SET ANSI_PADDING ON
GO
/****** Object:  Index [IX_PhysicianId]    Script Date: 10.12.2019. 11:11:14 ******/
CREATE NONCLUSTERED INDEX [IX_PhysicianId] ON [dbo].[Profesors]
(
	[PhysicianId] ASC
)WITH (PAD_INDEX = OFF, STATISTICS_NORECOMPUTE = OFF, SORT_IN_TEMPDB = OFF, DROP_EXISTING = OFF, ONLINE = OFF, ALLOW_ROW_LOCKS = ON, ALLOW_PAGE_LOCKS = ON) ON [PRIMARY]
GO
/****** Object:  Index [IX_SpecializationId]    Script Date: 10.12.2019. 11:11:14 ******/
CREATE NONCLUSTERED INDEX [IX_SpecializationId] ON [dbo].[Profesors]
(
	[SpecializationId] ASC
)WITH (PAD_INDEX = OFF, STATISTICS_NORECOMPUTE = OFF, SORT_IN_TEMPDB = OFF, DROP_EXISTING = OFF, ONLINE = OFF, ALLOW_ROW_LOCKS = ON, ALLOW_PAGE_LOCKS = ON) ON [PRIMARY]
GO
ALTER TABLE [dbo].[Faculties] ADD  CONSTRAINT [DF_Faculties_Activity]  DEFAULT ((1)) FOR [Activity]
GO
ALTER TABLE [dbo].[Faculty2] ADD  CONSTRAINT [DF_2Faculties_Activity]  DEFAULT ((1)) FOR [Activity]
GO
ALTER TABLE [dbo].[Appointments]  WITH CHECK ADD  CONSTRAINT [FK_dbo.Appointments_dbo.Doctors_DoctorId] FOREIGN KEY([ProfesorId])
REFERENCES [dbo].[Profesors] ([Id])
ON DELETE CASCADE
GO
ALTER TABLE [dbo].[Appointments] CHECK CONSTRAINT [FK_dbo.Appointments_dbo.Doctors_DoctorId]
GO
ALTER TABLE [dbo].[Appointments]  WITH CHECK ADD  CONSTRAINT [FK_dbo.Appointments_dbo.Patients_PatientId] FOREIGN KEY([PatientId])
REFERENCES [dbo].[Patients] ([Id])
GO
ALTER TABLE [dbo].[Appointments] CHECK CONSTRAINT [FK_dbo.Appointments_dbo.Patients_PatientId]
GO
ALTER TABLE [dbo].[AspNetUserClaims]  WITH CHECK ADD  CONSTRAINT [FK_dbo.AspNetUserClaims_dbo.AspNetUsers_UserId] FOREIGN KEY([UserId])
REFERENCES [dbo].[AspNetUsers] ([Id])
ON DELETE CASCADE
GO
ALTER TABLE [dbo].[AspNetUserClaims] CHECK CONSTRAINT [FK_dbo.AspNetUserClaims_dbo.AspNetUsers_UserId]
GO
ALTER TABLE [dbo].[AspNetUserLogins]  WITH CHECK ADD  CONSTRAINT [FK_dbo.AspNetUserLogins_dbo.AspNetUsers_UserId] FOREIGN KEY([UserId])
REFERENCES [dbo].[AspNetUsers] ([Id])
ON DELETE CASCADE
GO
ALTER TABLE [dbo].[AspNetUserLogins] CHECK CONSTRAINT [FK_dbo.AspNetUserLogins_dbo.AspNetUsers_UserId]
GO
ALTER TABLE [dbo].[AspNetUserRoles]  WITH CHECK ADD  CONSTRAINT [FK_dbo.AspNetUserRoles_dbo.AspNetRoles_RoleId] FOREIGN KEY([RoleId])
REFERENCES [dbo].[AspNetRoles] ([Id])
ON DELETE CASCADE
GO
ALTER TABLE [dbo].[AspNetUserRoles] CHECK CONSTRAINT [FK_dbo.AspNetUserRoles_dbo.AspNetRoles_RoleId]
GO
ALTER TABLE [dbo].[AspNetUserRoles]  WITH CHECK ADD  CONSTRAINT [FK_dbo.AspNetUserRoles_dbo.AspNetUsers_UserId] FOREIGN KEY([UserId])
REFERENCES [dbo].[AspNetUsers] ([Id])
ON DELETE CASCADE
GO
ALTER TABLE [dbo].[AspNetUserRoles] CHECK CONSTRAINT [FK_dbo.AspNetUserRoles_dbo.AspNetUsers_UserId]
GO
ALTER TABLE [dbo].[Attendances]  WITH CHECK ADD  CONSTRAINT [FK_dbo.Attendances_dbo.Patients_PatientId] FOREIGN KEY([PatientId])
REFERENCES [dbo].[Patients] ([Id])
ON DELETE CASCADE
GO
ALTER TABLE [dbo].[Attendances] CHECK CONSTRAINT [FK_dbo.Attendances_dbo.Patients_PatientId]
GO
ALTER TABLE [dbo].[Faculties]  WITH CHECK ADD  CONSTRAINT [FK_Faculties_FacultySectors] FOREIGN KEY([FacultySectorID])
REFERENCES [dbo].[FacultySectors] ([Id])
GO
ALTER TABLE [dbo].[Faculties] CHECK CONSTRAINT [FK_Faculties_FacultySectors]
GO
ALTER TABLE [dbo].[Faculties]  WITH CHECK ADD  CONSTRAINT [FK_Faculties_FacultyTypes] FOREIGN KEY([FacultyTypeID])
REFERENCES [dbo].[FacultyTypes] ([Id])
GO
ALTER TABLE [dbo].[Faculties] CHECK CONSTRAINT [FK_Faculties_FacultyTypes]
GO
ALTER TABLE [dbo].[Faculty2]  WITH CHECK ADD  CONSTRAINT [FK_2Faculties_FacultySectors] FOREIGN KEY([FacultySectorID])
REFERENCES [dbo].[FacultySectors] ([Id])
GO
ALTER TABLE [dbo].[Faculty2] CHECK CONSTRAINT [FK_2Faculties_FacultySectors]
GO
ALTER TABLE [dbo].[Faculty2]  WITH CHECK ADD  CONSTRAINT [FK_2Faculties_FacultyTypes] FOREIGN KEY([FacultyTypeID])
REFERENCES [dbo].[FacultyTypes] ([Id])
GO
ALTER TABLE [dbo].[Faculty2] CHECK CONSTRAINT [FK_2Faculties_FacultyTypes]
GO
ALTER TABLE [dbo].[Patients]  WITH CHECK ADD  CONSTRAINT [FK_dbo.Patients_dbo.Cities_CityId] FOREIGN KEY([CityId])
REFERENCES [dbo].[Cities] ([Id])
ON DELETE CASCADE
GO
ALTER TABLE [dbo].[Patients] CHECK CONSTRAINT [FK_dbo.Patients_dbo.Cities_CityId]
GO
ALTER TABLE [dbo].[People]  WITH CHECK ADD  CONSTRAINT [FK_Students_Faculties] FOREIGN KEY([FacultyId])
REFERENCES [dbo].[Faculties] ([Id])
GO
ALTER TABLE [dbo].[People] CHECK CONSTRAINT [FK_Students_Faculties]
GO
ALTER TABLE [dbo].[Profesors]  WITH CHECK ADD  CONSTRAINT [FK_dbo.Doctors_dbo.AspNetUsers_PhysicianId] FOREIGN KEY([PhysicianId])
REFERENCES [dbo].[AspNetUsers] ([Id])
ON DELETE CASCADE
GO
ALTER TABLE [dbo].[Profesors] CHECK CONSTRAINT [FK_dbo.Doctors_dbo.AspNetUsers_PhysicianId]
GO
ALTER TABLE [dbo].[Profesors]  WITH CHECK ADD  CONSTRAINT [FK_dbo.Doctors_dbo.Specializations_SpecializationId] FOREIGN KEY([SpecializationId])
REFERENCES [dbo].[Specializations] ([Id])
ON DELETE CASCADE
GO
ALTER TABLE [dbo].[Profesors] CHECK CONSTRAINT [FK_dbo.Doctors_dbo.Specializations_SpecializationId]
GO
